time_hour,perorgan,organ
0.49981,59.64305,blood
1.02289,148.62705,blood
1.98745,231.06543,blood
2.96375,323.28412,blood
3.97643,385.44587,blood
5.94297,468.38649,blood