time,cell_fraction,cell_type
7.26172466,0.444083527,GM
8.714069592,0.10162413,GM
12.34493192,0.073781903,GM
16.33888048,0.006960557,GM